Year,Predicted Inflation Rate (%)
2012,6.777125541125541
2013,6.77653391053391
2014,6.77594227994228
2015,6.775350649350649
2016,6.774759018759018
2017,6.774167388167387
2018,6.773575757575757
2019,6.772984126984126
2020,6.772392496392496
2021,6.7718008658008655
2022,6.771209235209234
