Year,CPI (Index),Inflation Rate (%)
2022,935.5140165945122,6.771209235209234
